<?xml version="1.0" encoding="UTF-8"?>
<chapter version="5.0" xmlns="http://docbook.org/ns/docbook"
         xmlns:xlink="http://www.w3.org/1999/xlink"
         xmlns:xi="http://www.w3.org/2001/XInclude"
         xmlns:svg="http://www.w3.org/2000/svg"
         xmlns:m="http://www.w3.org/1998/Math/MathML"
         xmlns:html="http://www.w3.org/1999/xhtml"
         xmlns:db="http://docbook.org/ns/docbook">
  <title>Frontend</title>

  <para>The intention of this chapter is to show you what RSGallery2 looks
  like using its default template Semantic on Joomla 2.5.x with its default
  template Beez2. Two assumptions are made: you are not logged in unless
  stated otherwise, and you have created a menu item called Photos linking to
  RSGallery2 (see <xref linkend="sec-create-RSGalelry2-menu-item" />). These
  are the galleries that are set up (just like in <xref
  linkend="sec-example-galleries" />).</para>

  <itemizedlist>
    <listitem>
      <para>Cakes (6 images)</para>
    </listitem>

    <listitem>
      <para>Flowers (6 images)</para>
    </listitem>

    <listitem>
      <para>Hollidays (no images; 2 subgalleries)</para>

      <itemizedlist>
        <listitem>
          <para>France Embrun 2010 (22 images)</para>
        </listitem>

        <listitem>
          <para>Switzerland 2009 (11 images)</para>
        </listitem>
      </itemizedlist>
    </listitem>
  </itemizedlist>

  <para>Whenever something is shown that depends on a configuration setting
  set in the backend, the setting name will be mentioned in parenthesis. See
  section <xref linkend="sec-Configuration-Settings" /> for further
  information on these, and more, settings.</para>

  <section>
    <title>Main page</title>

    <para>Go to your frontend and locate the menu item Photos (see <xref
    linkend="fig-Frontend_with_Photos_menu_item" />). When you click on the
    menu item Photos you are taken to RSGallery2's main page (<xref
    linkend="fig_Frontend_MainPage" />). The page shows three galleries:
    Cakes, Flowers and Hollidays each with some details:</para>

    <itemizedlist>
      <listitem>
        <para>Gallery Name, e.g. Cakes.</para>
      </listitem>

      <listitem>
        <para>A link to a slideshow for this gallery (setting Display
        Slideshow and setting Select slideshow).</para>
      </listitem>

      <listitem>
        <para>The owner of the gallery, which is admin in the figure shown
        here (setting Display Owner Information).</para>
      </listitem>

      <listitem>
        <para>The size of the gallery, e.g. 6 images for gallery Cakes
        (setting Display number of items in gallery).</para>
      </listitem>

      <listitem>
        <para>The creation date of the gallery (setting Display creation
        date).</para>
      </listitem>

      <listitem>
        <para>If the gallery has subgalleries, these are mentioned here with
        the number of images they contain. E.g. Gallery Hollidays has two
        subgalleries.</para>
      </listitem>
    </itemizedlist>

    <para>The thumbnail next to the details is a link to the images that are
    in the gallery. This thumbnail can either be one of the thumbnail images
    for this gallery at random, or you can select a specific one. See <xref
    linkend="sec-create-a-gallery" />, setting Gallery thumbnail.</para>

    <para>Directly above these three galleries is a search box (setting
    Display Search) that allows the user to search within gallery and image
    titles and descriptions. Below these three galleries is a block with
    Random images (setting Display Random) and a block with the Latest
    (uploaded) images (setting Display Latest).</para>

    <para>Also notice the pathway, just above the About Joomla! menu, that
    indicates 'Home &gt; Photos' in the figure.</para>

    <para><figure xml:id="fig_Frontend_MainPage">
        <title>RSGallery2's main page in the frontend</title>

        <mediaobject>
          <imageobject>
            <imagedata fileref="resource/Frontend/Frontend_MainPage.png"
                       scalefit="1" width="100%"></imagedata>
          </imageobject>
        </mediaobject>
      </figure></para>
  </section>

  <section>
    <title>Gallery</title>

    <para>When we click on a thumbnail for a gallery, e.g. the thumbnail with
    the white flowers for gallery Flowers in <xref
    linkend="fig_Frontend_MainPage" />, all the images in this particular
    gallery are shown. See <xref
    linkend="fig-Frontend_Gallery_Flowers" />.</para>

    <para>These thumbnails are square (setting Thumbnail Style) and there
    widht/height is (maximally) 80 pixels (setting Thumbnail Width). In this
    figure the thumnails have their title belown them (setting Show image name
    below thumbnail), the thumbnails are shown in a table (setting Thumbnail
    Style) in 3 columns (setting Number of Thumnail Columns). </para>

    <para>The thumbnails are created when images are uploaded and have the
    size and style (square/proportional) as set at the time of upload. It is
    possible to change these settings and then regenerate the thumbnails (see
    <xref linkend="sec-Maintenance" />).</para>

    <para>The searchbox is still present right above the thumbnails (setting
    Display Search).</para>

    <para>In the pathway, right above the menu About Joomla!, the galleryname
    Flowers is appended after the name of the menu item. You can go back to
    the main page via the Photos menu link or the Photos link in the
    pathway.</para>

    <para><figure xml:id="fig-Frontend_Gallery_Flowers">
        <title>Gallery page showing all images in gallery Flowers</title>

        <mediaobject>
          <imageobject>
            <imagedata fileref="resource/Frontend/Frontend_Gallery_Flowers.png"
                       scalefit="1" width="100%"></imagedata>
          </imageobject>
        </mediaobject>
      </figure></para>

    <para>You can set the maximum number of thumbnails shown in this page
    (setting Thumbnails per Page). See <xref
    linkend="fig-Frontend_Gallery_FranceEmbrun2010_Page2" />. There are 22
    images in gallery France Embrun 2010, and nine thumbnails are shown per
    page (setting Thumbnails per Page). Below the images you find the
    pagination buttons to allow you to go to each of the three pages with (up
    to) nine thumbnails.</para>

    <para>Notice the pathway where the structure of galleries is shown: via
    the menu item Photos and the gallery Hollidays the subgallery France
    Embrun 2010 in shown.<figure
        xml:id="fig-Frontend_Gallery_FranceEmbrun2010_Page2">
        <title>Gallery page showing the second set of nine images in gallery
        France Embrun 2010</title>

        <mediaobject>
          <imageobject>
            <imagedata fileref="resource/Frontend/Frontend_Gallery_FranceEmbrun2010_Page2.png"
                       scalefit="1" width="100%"></imagedata>
          </imageobject>
        </mediaobject>
      </figure></para>
  </section>

  <section>
    <title>Items (images)</title>

    <para>Let's go back to the Flowers gallery. Click one of the thumbnail
    images, e.g. Flowers 2011 5. <xref
    linkend="fig-Frontend_Item_Flowers_Flowers20115" /> shows the item
    page.</para>

    <para>The image shown is the display image, it is 400px wide (setting
    Display Picture Width). For a portrait image, as opposed to this landscape
    image, the height would be maximally 400px. Above this display image, the
    image title (name) is shown, and below the image is a download link
    (setting Display Downloadlink). This downloadlink allows the user to
    download the image in its original size (as long as original image is
    still on you webserver: setting Keep original image, otherwise the display
    image is used). The title, display image and downloadlink are 'sandwiched'
    between pagination links allowing the user to go to another image within
    this gallery.</para>

    <para>The display images are created when images are uploaded and have the
    size as set at the time of upload. It is possible to change these settings
    and then regenerate the display images (see <xref
    linkend="sec-Maintenance" />).</para>

    <para>At the bottom of the page there are four tabs</para>

    <itemizedlist>
      <listitem>
        <para>Description (setting Display Description): this tab shows the
        item description when there is a description. It also show the number
        of hits (setting Display Hits, off by default like in the
        figure)</para>
      </listitem>

      <listitem>
        <para>Voting (setting Display Voting): Voting needs to be enabled for
        the usergroup the user belongs to be able to vote and to see the
        voting results (see <xref linkend="sec-permissions" />). When Voting
        is enable the user can give one to five stars for an image and a user
        can only vote once (setting User van only vote once (cookie
        based)).</para>
      </listitem>

      <listitem>
        <para>Comments (setting Display Comments): Comments need to be enabled
        for the usergroup the user belongs to be able to comment and to see
        the comments (see <xref linkend="sec-permissions" />). When Comments
        are enable users can enter their Name, a Title for the comment and the
        Coment text. A Captcha can be integrated in the comment form (setting
        Use CAPTCHA check, in comment form).</para>
      </listitem>

      <listitem>
        <para>EXIF (setting Display EXIF Data): a selection of EXIF Data tags
        can be shown (setting Select EXIF tags to display)</para>
      </listitem>
    </itemizedlist>

    <para><figure xml:id="fig-Frontend_Item_Flowers_Flowers20115">
        <title>Item page showing the display image of one item and its
        details</title>

        <mediaobject>
          <imageobject>
            <imagedata fileref="resource/Frontend/Frontend_Item_Flowers_Flowers20115.png"
                       scalefit="1" width="100%"></imagedata>
          </imageobject>
        </mediaobject>
      </figure></para>

    <para>At the bottom of the page, information about the RSGallery2
    component is shown (setting Display Branding) with version information and
    a link to http://www.rsgallery2.nl/.</para>

    <para>The pathway, right above the About Joomla! menu, has the image title
    added to it, just after the name of the gallery it belongs to.</para>

    <para>What happens when the users clicks on the display image depends on
    the setting Popup style in the backend, these are the options:</para>

    <itemizedlist>
      <listitem>
        <para>No popup</para>
      </listitem>

      <listitem>
        <para>Normal popup (dafault): a new window will open showing the
        original image (as long as original image is still on you webserver:
        setting Keep original image, otherwise the display image is
        used)</para>
      </listitem>

      <listitem>
        <para>Joomla Modal: a modal window with the original image (as long as
        original image is still on you webserver: setting Keep original image,
        otherwise the display image is used) will popup</para>
      </listitem>
    </itemizedlist>
  </section>

  <section>
    <title>Slideshow</title>

    <para>On the main page there is a link to a slideshow for each gallery,
    see <xref linkend="fig_Frontend_MainPage" />. Currently (v3.1.0) there are
    two slideshows: Slideshow Parth (default) and Slideshow One (setting
    Select slideshow).</para>

    <para>The slideshow will show all items in the gallery with display
    images, not the images in subgalleries.</para>

    <section>
      <title>Slideshow Parth</title>

      <para>Slideshow parth has a number of settings (see <xref
      linkend="sec-SlideshowParth_settings" />) and looks by default like
      <xref linkend="fig-Frontend_SlideshowParth_imageInfopaneNoCaroussel" />
      and <xref
      linkend="fig-Frontend_SlideshowParth_imageNoInfopaneCaroussel" />. In
      the first figure you can see the Infopane at the bottom, the arrows at
      the left and right to allow the user to go to the previous and next
      image and at the top there is at tab with the text "Thumbnails" that
      opens a carousel with small images.</para>

      <para><figure
          xml:id="fig-Frontend_SlideshowParth_imageInfopaneNoCaroussel">
          <title>Slideshow Parth: with infopane, without Caroussel</title>

          <mediaobject>
            <imageobject>
              <imagedata fileref="resource/Frontend/Frontend_SlideshowParth_imageInfopaneNoCaroussel.png"
                         scalefit="1" width="100%"></imagedata>
            </imageobject>
          </mediaobject>
        </figure><figure
          xml:id="fig-Frontend_SlideshowParth_imageNoInfopaneCaroussel">
          <title>Slideshow Parth: without infopane, with Caroussel</title>

          <mediaobject>
            <imageobject>
              <imagedata fileref="resource/Frontend/Frontend_SlideshowParth_imageNoInfopaneCaroussel.png"
                         scalefit="1" width="100%"></imagedata>
            </imageobject>
          </mediaobject>
        </figure>In the second figure, there is no infopane at the bottom. At
      the top the thumbnails-caroussel is showing because the user clicked on
      the tab Thumbnails. Another click on this Thumbnails tab will hide the
      caroussel.</para>
    </section>

    <section>
      <title>Slideshow One</title>

      <para>Slideshow One is a really simple slideshow that only has four
      buttons: start, stop, previous and next. See <xref
      linkend="fig-SlideshowOne" />. There are no settings for this
      slideshow.</para>

      <para><figure xml:id="fig-SlideshowOne">
          <title>Slidewhow One</title>

          <mediaobject>
            <imageobject>
              <imagedata fileref="resource/Frontend/Frontend_SlideshowOne.png"
                         scalefit="1" width="100%"></imagedata>
            </imageobject>
          </mediaobject>
        </figure></para>
    </section>
  </section>

  <section>
    <title>My Galleries</title>

    <para>A site administrator can enable My Galleries (setting Show My
    Galleries, 'no' by default). When a user logs in in the frontend the main
    page wil then show an extra link: My galleries, right above the searchbox.
    Clicking on that link will show a page like in <xref
    linkend="fig-Frontend_MyGalleries_noPermissions" /> or in <xref
    linkend="fig-Frontend_MyGalleries_allPermissions" />.</para>

    <para><figure xml:id="fig-Frontend_MyGalleries_noPermissions">
        <title>My Galleries page for a user without any permissions</title>

        <mediaobject>
          <imageobject>
            <imagedata fileref="resource/Frontend/Frontend_MyGalleries_noPermissions.png"
                       scalefit="1" width="100%"></imagedata>
          </imageobject>
        </mediaobject>
      </figure></para>

    <para>The differences in these two figures arise from the different
    permissions a user can have (see <xref linkend="sec-permissions" />), e.g.
    Edit Permission, Edit State Permission (to publish or unpublish an item or
    gallery), Delete Permission and Create Permission for items and
    galleries.</para>

    <para>A user with none of these permissions can only see the items and
    galleries, but cannot publish, delete, edit or create items or galleries.
    That is reflected on the tabs My Images and My galleries by the grey icons
    for the items and galleries. And that user does not see the Add Image and
    Create Gallery tabs.</para>

    <para>However, when a user has all permissions, the icons are no longer
    greyed out, and there are two more tabs: Add Image and Create
    Gallery.</para>

    <para>A site administrator can choose to give only specific permissions to
    a usergroup, e.g. only Edit permission, and only give that permission for
    a specific gallery. Then the user will see from the icons being grey (and
    non-functional) or not if they have that permission.</para>

    <para>We will assume for the following sections that the user has all
    permissions for all galleries and items and that My Galleries are
    enabled.</para>

    <para><figure xml:id="fig-Frontend_MyGalleries_allPermissions">
        <title>My Galleries page for a user without all permissions</title>

        <mediaobject>
          <imageobject>
            <imagedata fileref="resource/Frontend/Frontend_MyGalleries_allPermissions.png"
                       scalefit="1" width="100%"></imagedata>
          </imageobject>
        </mediaobject>
      </figure></para>

    <section>
      <title>Galleries</title>

      <para>Go to My Galleries via the menu item Photos and then My galleries.
      You are now on the My galleries page.</para>

      <section>
        <title>Create a gallery</title>

        <para>On the My galleries page click the Create Gallery tab. This tab
        only shows when the user that is logged in has Create
        permission.</para>

        <para><emphasis>Work in progress...</emphasis></para>
      </section>

      <section>
        <title>Change the state of a gallery: published or unpublished</title>

        <para><emphasis>Work in progress...</emphasis></para>
      </section>

      <section>
        <title>Edit a gallery</title>

        <para><emphasis>Work in progress...</emphasis></para>
      </section>

      <section>
        <title>Delete a gallery</title>

        <para><emphasis>Work in progress...</emphasis></para>
      </section>
    </section>

    <section>
      <title>Items (images)</title>

      <para><emphasis>Work in progress...</emphasis></para>

      <section>
        <title>Create an item (e.g. upload one or more images)</title>

        <para>On the My galleries page click the Add Image tab. This tab only
        shows when the user that is logged in has Create permission.</para>

        <para><emphasis>Work in progress...</emphasis></para>
      </section>

      <section>
        <title>Change the state of a item: published or unpublished</title>

        <para><emphasis>Work in progress...</emphasis></para>
      </section>

      <section>
        <title>Edit an item</title>

        <para><emphasis>Work in progress...</emphasis></para>
      </section>

      <section>
        <title>Delete an item</title>

        <para><emphasis>Work in progress...</emphasis></para>
      </section>
    </section>
  </section>
</chapter>
