<?xml version="1.0" encoding="UTF-8"?>
<chapter version="5.0" xmlns="http://docbook.org/ns/docbook"
         xmlns:xlink="http://www.w3.org/1999/xlink"
         xmlns:xi="http://www.w3.org/2001/XInclude"
         xmlns:svg="http://www.w3.org/2000/svg"
         xmlns:m="http://www.w3.org/1998/Math/MathML"
         xmlns:html="http://www.w3.org/1999/xhtml"
         xmlns:db="http://docbook.org/ns/docbook">
  <title>Miscellaneous</title>

  <para></para>

  <section>
    <title>Translations</title>

    <para><emphasis>Work in progress...</emphasis></para>
  </section>

  <section>
    <title>Modules</title>

    <para><emphasis>Note: currently only available for RSGallery2 2.x on
    Joomla 1.5.x, not for Joomla 2.5.x.</emphasis></para>
  </section>

  <section>
    <title>Plugins</title>

    <section xml:id="sec-Display-image-plugin">
      <title>Display image plugin</title>

      <para><emphasis>Note: currently only available for RSGallery2 2.x on
      Joomla 1.5.x, not for Joomla 2.5.x.</emphasis></para>
    </section>

    <section xml:id="sec-Display-gallery-plugin">
      <title>Display gallery plugin</title>

      <para><emphasis>Note: currently only available for RSGallery2 2.x on
      Joomla 1.5.x, not for Joomla 2.5.x.</emphasis></para>
    </section>
  </section>
</chapter>
