<?xml version="1.0" encoding="UTF-8"?>
<book version="5.0" xmlns="http://docbook.org/ns/docbook"
      xmlns:xlink="http://www.w3.org/1999/xlink"
      xmlns:xi="http://www.w3.org/2001/XInclude"
      xmlns:svg="http://www.w3.org/2000/svg"
      xmlns:m="http://www.w3.org/1998/Math/MathML"
      xmlns:html="http://www.w3.org/1999/xhtml"
      xmlns:db="http://docbook.org/ns/docbook">
  <info>
    <title>RSGallery2 Documentation</title>

    <author>
      <personname><firstname>RSGallery2
      Team</firstname><surname></surname></personname>

      <affiliation>
        <orgname></orgname>
      </affiliation>
    </author>

    <pubdate>January 2012</pubdate>
  </info>

  <!--Note that all screenshots are take with a user that has super administrator permissions. The text
indicates for some options that a user needs to have Permission.

There can be more than one way to get to a certain screen, but only one of the ways is mentioned
throughout this document.
-->

  <xi:include href="RSGallery2_installation.xml" xpointer="element(/1)" />

  <xi:include href="RSGallery2_frontend.xml" xpointer="element(/1)" />

  <xi:include href="RSGallery2_backend.xml" xpointer="element(/1)" />

  <xi:include href="RSGallery2_testStuff.xml" xpointer="element(/1)" />
</book>
