<?xml version="1.0" encoding="UTF-8"?>
<chapter version="5.0" xmlns="http://docbook.org/ns/docbook"
         xmlns:xlink="http://www.w3.org/1999/xlink"
         xmlns:xi="http://www.w3.org/2001/XInclude"
         xmlns:svg="http://www.w3.org/2000/svg"
         xmlns:m="http://www.w3.org/1998/Math/MathML"
         xmlns:html="http://www.w3.org/1999/xhtml"
         xmlns:db="http://docbook.org/ns/docbook">
  <title>Backend</title>

  <para>In the Backend, accessed via http://www.mysite.com/administrator/, you
  can manage your galleries, images and change the configuration settings for
  RSGallery2. You will find that RSGallery2 works very similar to the way you
  would make categories in Joomla (galleries in RSGallery2) or articles in
  Joomla (items, or images in RSGallery2). We will assume that you are logged
  in in your Backend of your Joomla site as a Super Administrator and as such
  have all the permissions a user can have.</para>

  <para>First we will create a few galleries and upload some images (refered
  to as items here). Then a menu-item is created so our frontend users can see
  our galleries. Finally the Configuration settings are discussed as well as
  Permissions settings.</para>

  <section>
    <title>Galleries</title>

    <para>Before you start creating galleries it's always a good idea to take
    a moment to think about the structure of galleries. Galleries can be
    nested, just like Joomla categories can be nested. See <xref
    linkend="sec-example-galleries" /> for an example. </para>

    <section xml:id="sec-create-a-gallery">
      <title>Create a gallery</title>

      <para>To create a gallery (users need to have Create permission) go to
      Manage Galleries: Backend &gt; Components &gt; RSGallery2 &gt; Galleries
      (see <xref linkend="fig-manage-galleries-screen" />) and click New. You
      will see the screen shown in <xref
      linkend="fig-fig-Backend_New_Gallery" />.</para>

      <figure xml:id="fig-manage-galleries-screen">
        <title>Manage Galleries screen</title>

        <mediaobject>
          <imageobject>
            <imagedata fileref="resource/Backend/Backend_Manage_Galleries_empty_screen.png"
                       scalefit="1" width="100%"></imagedata>
          </imageobject>
        </mediaobject>
      </figure>

      <figure xml:id="fig-fig-Backend_New_Gallery">
        <title>New Gallery screen</title>

        <mediaobject>
          <imageobject>
            <imagedata fileref="resource/Backend/Backend_New_Gallery.png"
                       scalefit="1" width="100%"></imagedata>
          </imageobject>
        </mediaobject>
      </figure>

      <para>There are several settings in this screen</para>

      <itemizedlist>
        <listitem>
          <para>Name: sets the name of your gallery, it is the only required
          field.</para>
        </listitem>

        <listitem>
          <para>Alias: you can leave this empty and Joomla will create an
          alias based on the Name you entered when you save the gallery or you
          can enter an alias yourself. The alias is used in <link
          xlink:href="http://docs.joomla.org/Search_Engine_Friendly_URLs">Search
          Engine Friendly URLs</link>, so the only characters allowed are
          lowercase letters and dashes, letters with a <link
          xlink:href="http://en.wikipedia.org/wiki/Diacritic">diacritic</link>
          will automatically be converted (e.g. <emphasis>ü</emphasis> to
          either <emphasis>u</emphasis> (dutch) or <emphasis>ue</emphasis>
          (german), based on the transliteration of the language used).
          <footnote>
              <para>Transliteration is handled by the language pack that you
              use. If you want to know how this works or how to override this,
              see for example <link
              xlink:href="http://docs.joomla.org/Making_a_Language_Pack_for_Joomla_1.6#Example_of_the_function_to_add_when_custom_transliteration_is_desired">http://docs.joomla.org/Making_a_Language_Pack_for_Joomla_1.6#Example_of_the_function_to_add_when_custom_transliteration_is_desired</link>
              and <link
              xlink:href="http://docs.joomla.org/International_Enhancements_for_Version_1.6">http://docs.joomla.org/International_Enhancements_for_Version_1.6</link></para>
            </footnote></para>
        </listitem>

        <listitem>
          <para>Owner: shows which users owns the gallery. Users with
          Configure permission can change which user is the owner.<!--Configure permission: core.admin--></para>
        </listitem>

        <listitem>
          <para>Access: sets wich usergroup can see this gallery in the
          frontend.</para>
        </listitem>

        <listitem>
          <para>Permissions: this button will take you to the Gallery
          Permissions at the bottom of the page. It is only visible for users
          with Configure permission (see item Gallery Permissions).<!--Configure permission: core.admin--></para>
        </listitem>

        <listitem>
          <para>Description: the description for the gallery.</para>
        </listitem>

        <listitem>
          <para>Parent gallery: sets the parent of this gallery. If galleries
          are nested you can see to which parent gallery a subgallery belongs
          to. </para>
        </listitem>

        <listitem>
          <para>Gallery thumbnail (only available when the gallery holds
          items): by default a random thumbnail sized image is shown for the
          gallery, here you can choose a specific thumbnail.</para>
        </listitem>

        <listitem>
          <para>Ordering: by default, a new gallery is saved to the first
          position. The order can be changed after the gallery is saved.<!--BUG! saves to first position by default, not last.--></para>
        </listitem>

        <listitem>
          <para>Published: is the gallery published or not?</para>
        </listitem>

        <listitem>
          <para>Gallery Permissions: users wich Configure permission can set
          the allowed actions for each usergroup. See <xref
          linkend="sec-permissions" /> for more information on this
          subject.</para>
        </listitem>
      </itemizedlist>

      <para>Give your new gallery at least a Name and click Save (to save and
      return to this screen) or Save &amp; Close (to save and return to the
      Manage Galleries screen (<xref
      linkend="fig-manage-galleries-screen" />).</para>

      <section xml:id="sec-example-galleries">
        <title>Example galleries</title>

        <para>As an example five galleries are created in this
        structure:<itemizedlist>
            <listitem>
              <para>Cakes (only entered the Name here)</para>
            </listitem>

            <listitem>
              <para>Flowers (only entered the Name here)</para>
            </listitem>

            <listitem>
              <para>Hollidays (only entered the Name here)</para>

              <itemizedlist>
                <listitem>
                  <para>France Embrun 2010 (entered the Name and chose
                  Hollidays as Parent Gallery)</para>
                </listitem>

                <listitem>
                  <para>Switzerland 2009 (entered the Name and chose Hollidays
                  as Parent Gallery)</para>
                </listitem>
              </itemizedlist>
            </listitem>
          </itemizedlist></para>

        <para><xref
        linkend="fig-Backend_Manage_Galleries_five_galleries_not_ordered" />
        shows the five galleries that were just created. You can tell that
        France Embrun 2010 and Switzerland 2009 are subgalleries of Hollidays,
        Hollidays is their parent gallery.</para>

        <figure xml:id="fig-Backend_Manage_Galleries_five_galleries_not_ordered">
          <title>Manage Galleries screen just after creating the five example
          galleries.</title>

          <mediaobject>
            <imageobject>
              <imagedata fileref="resource/Backend/Backend_Manage_Galleries_five_galleries_not_ordered.png"
                         scalefit="1" width="100%"></imagedata>
            </imageobject>
          </mediaobject>
        </figure>
      </section>
    </section>

    <section>
      <title>Change the order of galleries</title>

      <para>Changing the order of the galleries is easiest in the Manage
      Galleries screen shown in <xref
      linkend="fig-Backend_Manage_Galleries_five_galleries_not_ordered" />,
      this works just like changing the order for Joomla Categories. A user
      needs Edit State permission to be allowed to change the order.</para>

      <!--Edit State permission: core.edit.state-->

      <para>Go to the Manage Galleries screen via Backend &gt; Components &gt;
      RSGallery2 &gt; Galleries. There are two ways to change the order:
      </para>

      <itemizedlist>
        <listitem>
          <para>In the Reorder column you can click the blue and white up and
          down icons to move each gallery individually (these icons are not
          shown for users without Edit State permission).</para>
        </listitem>

        <listitem>
          <para>In the Order column you can change the numbers (but only when
          you have Edit State permission) and click the little Save Order
          floppy disk icon next to the Order text.</para>
        </listitem>
      </itemizedlist>
    </section>

    <section>
      <title>Changing state of the gallery: published or unpublished</title>

      <para>The state of the gallery, published or unpublished, can be changed
      by users with Edit State permission. Changing the state of the galleries
      is easiest in the Manage Galleries screen shown in <xref
      linkend="fig-Backend_Manage_Galleries_five_galleries_not_ordered" />.
      All galleries shown in this image are published: there is a green icon
      with a white checkmark in the column Published. Unpublished galleries
      would have a red icon with a white dot inside. This works the same as in
      the rest of Joomla.</para>

      <para>Go to the Manage Galleries screen via Backend &gt; Components &gt;
      RSGallery2 &gt; Galleries. There are two ways to change the state:
      </para>

      <itemizedlist>
        <listitem>
          <para>Click the icon in the Published column to change the state
          from Published (green icon with with checkmark) to Unpublished (red
          icon with white dot) and vice versa.</para>
        </listitem>

        <listitem>
          <para>Select one or more galleries by checking the checkboxes at the
          left of the gallery name and click the Publish or Unpublish icon in
          the toolbar at the top of the page.</para>
        </listitem>
      </itemizedlist>
    </section>

    <section>
      <title>Edit a gallery</title>

      <para>You can edit the details for a saved gallery if you have Edit
      permission or Edit Own permission and you are the owner of the gallery.
      In the Manage Galleries screen (go there via Backend &gt; Components
      &gt; RSGallery2 &gt; Galleries), either click on the gallery name, or
      check the checkbox left to the gallery name and click Edit. You can
      easily tell which galleries you are allowed to edit, because their names
      are links to the Edit Gallery screen.</para>

      <!--Edit permission: core.edit
Edit Own permission: core.edit.own
-->

      <para>The Edit Gallery screen is almost the same as the New Gallery
      screen (<xref linkend="fig-fig-Backend_New_Gallery" />), so refer to
      <xref linkend="sec-create-a-gallery" /> for a descriptions of the
      settings.</para>

      <para>We edit the gallery "Switzerland 200" that has a typo to change
      its name to "Switzerland 2009".</para>
    </section>
  </section>

  <section>
    <title>Items (images)</title>

    <para>Galleries contain items, for most users these items will be images
    with e.g. a title and description, we'll mix the usages of the words image
    and item.<footnote>
        <para>RSGallery2 has also some capabilities for video and MP3 files,
        however, these capabilities are not discussed here and this function
        is currently '<emphasis>as-is</emphasis>' and is not being
        developed.</para>
      </footnote></para>

    <para>The types of images that can be uploaded are jpg, jpeg, gif and png
    images.</para>

    <!--Create permissin: core.create-->

    <section>
      <title>Create items</title>

      <para>An RSGallery2 item is created when you upload an image. Users need
      Create permission for a specific gallery to be able to upload images to
      that gallery. You can either upload up to ten single images via Upload
      or upload a batch of files via an archive (e.g. zip file) or via FTP.
      Both are explained in the next sections.</para>

      <section>
        <title>Upload</title>

        <para>We'll start with uploading a few images via Upload: Backend &gt;
        Components &gt; RSGallery2 &gt; Upload. See <xref
        linkend="fig-Backend_Upload_new_item" />.</para>

        <figure xml:id="fig-Backend_Upload_new_item">
          <title>Upload screen</title>

          <mediaobject>
            <imageobject>
              <imagedata fileref="resource/Backend/Backend_Upload_new_item.png"
                         scalefit="1" width="100%"></imagedata>
            </imageobject>
          </mediaobject>
        </figure>

        <para>Here you can upload up to 10 single items. These are the
        settings</para>

        <itemizedlist>
          <listitem>
            <para>At the top you have to select a gallery, all uploaded images
            will go into this gallery. This list will show you all galleries
            available, but users can only select galleries for which they have
            Create permission.</para>

            <para>Note: "Top gallery" is not an actual gallery, you cannot
            place images there, only galleries. </para>
          </listitem>

          <listitem>
            <para>You can give a description wich will be the description for
            each of the images that will be uploaded. This is not
            required.</para>
          </listitem>

          <listitem>
            <para>Per image you can optionally give a title. If no title is
            given, the filename will be used, unless the image has ITPC
            settings for the title. <emphasis>@@Todo: link to IPTC
            configuration settings</emphasis></para>
          </listitem>

          <listitem>
            <para>The location of the file you want to upload is required:
            just click in the inputbox or on the Browse button and a window
            will open that lets you select your file.</para>
          </listitem>

          <listitem>
            <para>At the bottom of the page you can press "(more files)" that
            will give you another set of inputboxes for a second image: title
            and file. This way you can upload up to ten images.</para>
          </listitem>
        </itemizedlist>

        <para>When ready, just click Upload in the toolbar at the top of the
        page. You are taken to the Manage Items screen when the image is
        uploaded successfully, it shows a list of your images.</para>
      </section>

      <section>
        <title>Batch Upload</title>

        <para>Next we'll upload a batch of images via Batch Upload: Backend
        &gt; Components &gt; RSGallery2 &gt; Batch upload. See <xref
        linkend="fig-Backend_Batch_upload_step1" />. Batch upload is done in a
        two-step proces. </para>

        <figure xml:id="fig-Backend_Batch_upload_step1">
          <title>Batch upload screen - step 1</title>

          <mediaobject>
            <imageobject>
              <imagedata fileref="resource/Backend/Backend_Batch_upload_step1.png"
                         scalefit="1" width="100%"></imagedata>
            </imageobject>
          </mediaobject>
        </figure>

        <para>In the first step there are two choices:</para>

        <itemizedlist>
          <listitem>
            <para>Specify the upload method: Zip file (archive) or FTP.</para>

            <itemizedlist>
              <listitem>
                <para>Zip file (archive): browse to an archive file (e.g. zip
                file) and select it. </para>

                <para>Note: The size that such an archive file can have is not
                only determined by the upload limit set on your website, but
                also on time out limits. If an archive fails to upload either
                try a smaller archive file, or use the FTP method.</para>
              </listitem>

              <listitem>
                <para>FTP: You will have to upload the images by FTP yourself
                to a location within your webroot. The location of the webroot
                is indicated on the screen. You can create, for example, a
                directory <tag class="attribute">/tempupload/</tag> in your
                webroot and put the full path to this directory here.</para>

                <para>For windows users who use Xampp (webaddress
                http://localhost/joomla25/) this may become <tag
                class="attribute">C:\xampp\htdocs\joomla25\tempupload\</tag>
                where the webroot is <tag
                class="attribute">C:\xampp\htdocs\joomla25\</tag>. </para>

                <para>On *nix systems this may be <tag
                class="attribute">/home/vhosts/mywebsite.nl/httpdocs/tempupload/</tag>
                where the webroot is <tag
                class="attribute">/home/vhosts/mirj4m.nl/httpdocs/</tag>
                .</para>

                <para>Note: do not forget the trailing slash, without it
                you'll get a message "No files found to process!".</para>
              </listitem>
            </itemizedlist>
          </listitem>

          <listitem>
            <para>Specify the gallery: either choose the gallery that will
            hold all images that you will upload in this batch, or choose to
            specify the gallery for each of the images in the second step of
            the batch upload.</para>
          </listitem>
        </itemizedlist>

        <para>Click the toolbar button Next at the top to go to the second
        step.</para>

        <para>In the second step you can (optionally) give each image a title
        and description, and indicate if an image in the archive should not be
        uploaded by marking the Delete checkbox. Depending on your choice in
        Specify gallery, you cannot change the gallery, or you will see a
        dropdown list of available galleries. See <xref
        linkend="fig-Backend_Batch_upload_step2" />.</para>

        <para>Click the toolbar button Upload to create the images in the
        chosen RSGallery2 gallery.</para>

        <figure xml:id="fig-Backend_Batch_upload_step2">
          <title>Batch upload screen - step 2</title>

          <mediaobject>
            <imageobject>
              <imagedata fileref="resource/Backend/Backend_Batch_upload_step2.png"
                         scalefit="1" width="100%"></imagedata>
            </imageobject>
          </mediaobject>
        </figure>

        <para>After the images are successfully uploaded you are redirected to
        either the Items screen (single file upload) or the Control Panel
        (Batch upload).</para>
      </section>
    </section>

    <section>
      <title>Change the order of items</title>

      <para>Changing the order of the galleries is easiest in the Manage Items
      screen shown in <xref linkend="fig-Backend_Manage_Items_with_items" />,
      this works just like changing the order for Galleries. A user needs Edit
      State permission to be allowed to change the order.</para>

      <para>Go to the Manage Items screen via: Backend &gt; Components &gt;
      RSGallery2 &gt; Items. There are two ways to change the order:
      <itemizedlist>
          <listitem>
            <para>In the Reorder column you can click the blue and white up
            and down icons to move each gallery individually (these icons are
            not shown for users without Edit State permission).</para>
          </listitem>

          <listitem>
            <para>In the Order column you can change the numbers (but only
            when you have Edit State permission) and click the little Save
            Order floppy disk icon next to the Order text.</para>
          </listitem>
        </itemizedlist></para>

      <figure xml:id="fig-Backend_Manage_Items_with_items">
        <title>Manage Items screen</title>

        <mediaobject>
          <imageobject>
            <imagedata fileref="resource/Backend/Backend_Manage_Items_with_items.png"
                       scalefit="1" width="100%"></imagedata>
          </imageobject>
        </mediaobject>
      </figure>

      <para></para>
    </section>

    <section>
      <title>Change the state of the item</title>

      <para>@@</para>
    </section>

    <section>
      <title>Edit an item</title>

      <para></para>
    </section>
  </section>

  <section>
    <title>Configurations settings</title>

    <para></para>
  </section>

  <section xml:id="sec-permissions">
    <title>Permissions</title>

    <para>Basic information: <link
    xlink:href="http://docs.joomla.org/ACL_Tutorial_for_Joomla_1.6#Controlling_What_Users_Can_See">http://docs.joomla.org/ACL_Tutorial_for_Joomla_1.6#Controlling_What_Users_Can_See</link>.</para>

    <para></para>
  </section>
</chapter>
